CD_ID,Difference_predictions,Democrat_predictions,Republican_predictions,State
ID-02,-24.488106878768832,31.76876621577052,56.21111955695398,ID
OH-10,-16.746791973505893,41.91850825762094,58.64092533425159,OH
NY-17,16.55397306298077,59.03850671131378,42.46689405779439,NY
KY-06,-18.621513497273988,39.42084072192873,58.03388275999669,KY
NY-14,52.43261394179146,76.5492609937858,24.12490444185998,NY
AZ-02,5.175124090065021,51.93868255191193,46.74784239010518,AZ
TX-12,-31.368727218770438,35.58967169592124,66.93314572040538,TX
CA-28,45.705023452260505,72.55388643282714,26.84081960972212,CA
OK-05,-16.30691217296723,40.35735108911792,56.636061759046186,OK
FL-04,-20.128776692023813,39.205152658493915,59.352210382012956,FL
MS-01,-35.55361833082856,33.97833096775827,69.53114586348188,MS
MD-03,30.897476873903962,65.31387480915771,34.40403586404773,MD
CA-39,13.333945832957006,56.164590756187806,42.820701328077156,CA
FL-02,-39.22812999379457,31.466158585189728,70.68763468631653,FL
HI-02,26.616678201135493,60.28368279362111,33.62549819664877,HI
NJ-06,12.715630585062176,57.54308827021063,44.82650142676358,NJ
IA-02,-9.110961281346407,43.45133460734837,52.56858284048059,IA
MN-07,-31.025733363982525,31.037385155640596,62.07700835501399,MN
MI-10,-40.742955587359184,30.050437972421335,70.77993884502646,MI
TX-32,2.712644541818925,52.32567873232587,49.58663254155508,TX
NC-02,-6.923467201339578,46.68386227250753,53.61127081543505,NC
KS-04,-26.81918169880045,34.83989297657898,61.64666469408639,KS
MD-01,-28.725106318968272,35.5242407275648,64.24594404212667,MD
NJ-01,17.141564653954596,58.82654653266758,41.68184961878641,NJ
OR-04,-6.281062566497262,44.829126741107146,51.099686737039676,OR
CA-11,47.61062133587103,73.9894187713189,26.35595801110828,CA
CA-50,-8.770537369297424,44.75011615604986,53.51850058600142,CA
MN-06,-26.872949766702526,33.92950981451956,60.79451016396604,MN
NY-09,66.39922068895915,84.07269974689908,17.68652507540866,NY
VT-AL,25.35540334709222,56.71742173796614,31.349926548666474,VT
TN-06,-52.49663918930201,24.41651560151611,76.90913655711253,TN
NC-10,-27.267959676398867,37.28537382235472,64.56129444067837,NC
KY-05,-65.30434787989937,17.629833740883555,82.94428611529604,KY
WA-08,9.275663312753897,51.152474035932556,41.89184841367317,WA
NC-07,-21.026644210028138,40.13832474720685,61.171524160435276,NC
CA-04,-8.861586724562162,43.808385083373906,52.66896329806616,CA
NJ-04,-6.547590737672946,45.203653976095,51.77923962564474,NJ
FL-07,4.2467328918347205,53.264422247617865,48.99780479801236,FL
CA-48,5.250052878943791,52.48726757293078,47.226724107871355,CA
MA-04,19.89020099766028,59.70804836103984,39.80304096077958,MA
AR-02,-17.39160411351321,41.49717396827205,58.860380063997376,AR
TX-29,38.80335223886272,71.64307815288171,32.80975146817576,TX
IN-04,-37.15136754625538,30.576509934355222,67.72084431381376,IN
TX-30,53.313623649312746,77.9319289390648,24.608880580400037,TX
NJ-11,2.618512951476081,52.28804491687895,49.662022342842654,NJ
NY-03,2.0739289498510916,52.93728638614321,50.842567042544374,NY
CA-26,23.245667555688122,61.432451866722474,38.17470769106979,CA
IL-02,53.844120932737844,76.97075578755195,23.141468547735386,IL
IN-09,-33.00469784300683,33.95924874659118,66.94020213436296,IN
AZ-03,28.078096622488985,63.403405412978756,35.32302801972634,AZ
CT-03,7.2582199947140085,54.29880853595936,47.03236396393252,CT
AZ-04,-44.68134217506794,28.288944438923856,72.9540297114653,AZ
VA-06,-25.819805884657995,36.00587271936354,61.82783875912891,VA
GA-02,7.429854945711806,54.529138626141176,47.1054376114533,GA
SC-01,-14.852085870815577,43.05880797692507,57.871838078590926,SC
CA-05,39.54232187903689,69.10817916205671,29.547299071535555,CA
MI-06,-13.388890724124765,41.80262546072877,55.185841331683186,MI
TX-22,-6.908342848519398,47.880284146370855,54.7712419551468,TX
MO-07,-44.96478527955388,25.486911198500124,70.46796167147295,MO
CA-31,20.90547131142388,60.04728807277885,39.12774457229986,CA
MO-01,45.624744593673846,73.93226571744373,28.2858530057551,MO
CA-23,-23.38492716807825,38.20663751784453,61.57106610107772,CA
NJ-07,4.137137125644326,52.40867618463346,48.266801437715046,NJ
SC-04,-22.589417218276786,37.91247828211797,60.495280045036594,SC
MN-05,46.638312336279554,71.42074167442914,24.75566334256549,MN
ME-01,5.3014267372930055,51.94500240464959,46.61952733531066,ME
FL-19,-27.95073860657778,37.15264958554231,65.0938244962237,FL
NY-18,-4.516555711975043,47.853910912158305,52.36479444492862,NY
OH-16,-14.503141005535154,40.67069193113204,55.19734780905184,OH
OH-09,10.130799799309397,54.29974655010808,44.15999921202006,OH
NY-10,56.66503446658029,79.19750289099937,22.518472852795227,NY
MD-08,33.50436173107752,66.56996216547786,33.05685050836156,MD
TX-20,20.950538997968742,61.582374138725235,40.59492717538147,TX
MI-04,-33.18848162780384,32.41054525304195,65.58647864559431,MI
MO-05,3.082443465584861,51.75205586259267,48.64181315683283,MO
CA-12,77.71661210758928,88.51190706095473,10.804218087264267,CA
MI-09,-2.2940972412754803,49.396630507468956,51.673629607893226,MI
CT-01,14.548245782691387,57.986509163888975,43.42005560761625,CT
WI-07,-25.189822536753418,35.47695673385863,60.68639254554246,WI
TX-24,-1.92615966681105,49.63885574663262,51.5520352752979,TX
MI-12,15.379276480185327,57.274417811883204,41.88222740052333,MI
CA-24,20.44600282590114,59.04156984971618,38.58129473825727,CA
CA-42,-9.189185805582838,44.38140487194881,53.56246955680301,CA
CA-01,-23.075932605122908,36.829594672239566,59.89093706566621,CA
CA-02,41.2416033723956,69.27298184178211,28.007282077421188,CA
OH-13,-6.096377970053496,47.429566651694216,53.50984898709539,OH
OH-15,-18.642066283040265,39.32411121181116,57.97007098547273,OH
TX-05,-27.680581548253386,36.95791247739242,64.63578455036073,TX
LA-01,-42.473957872273864,29.229740588783557,71.6910710806449,LA
OH-11,52.721596518927626,76.80502616150383,24.087325854817664,OH
OH-02,-19.88562575937651,39.20717930902292,59.09132551803285,OH
SD-AL,-36.20789237874242,30.03433393461517,66.22810262293996,SD
IL-17,-12.571873752228628,44.02034702745072,56.56530617509964,IL
IN-07,12.21342938631416,56.77157405506051,44.52732714620036,IN
NC-03,-21.04966781981709,39.15809556577941,60.218307964540486,NC
MO-06,-26.780301413255998,33.59471456617045,60.4037088419542,MO
TX-08,-37.14499351436813,30.296324454233446,67.47399481953096,TX
GA-11,-23.352244234718846,39.17490035764721,62.50453099805066,GA
NC-11,-33.08147333071485,33.506195630623964,66.60145479329522,NC
WY-AL,-47.54908518229654,24.223624427355944,71.74585738942126,WY
CA-30,40.75593334146621,70.09336327209093,29.329166509118284,CA
FL-10,24.28337800288793,62.709207405593084,38.41962292805512,FL
PA-15,-43.30320952698033,26.912768290172377,70.25038805173486,PA
TX-26,-18.208428240555186,40.86579885066705,59.061088304490575,TX
GA-14,-56.792950631991744,23.385598788033725,80.1697163214504,GA
MI-03,-18.435537449883142,40.65943315646188,59.060020460081546,MI
RI-01,21.0057692227021,59.95302252461172,38.936708829756874,RI
IL-04,56.58873746938122,78.98002446988102,22.35860064655794,IL
GA-10,-27.958430486048144,36.940412158326694,64.89701854663696,GA
MD-07,56.61165329836851,77.53029991559701,20.936364436983286,MD
MS-02,21.65430516506988,63.03376493390748,41.37460162972931,MS
MA-01,18.381151094152084,57.091752690489784,38.726487524253386,MA
IL-14,-2.5363813082283873,47.37742743088597,49.89823989663212,IL
TX-02,-4.8497651433153255,47.39399297616948,52.232951306709815,TX
LA-04,-22.26220098488779,38.647093693194265,60.92770958797021,LA
NH-01,-8.673384066030769,45.73522363198448,54.38719918700532,NH
RI-02,4.844235984887668,52.22433792653587,47.365815877633665,RI
NY-26,10.492407872431674,55.183210078721665,44.67474458233283,NY
NY-27,-24.822295987773238,35.43146525744456,60.277169031736705,NY
PA-09,-36.80712300866338,30.537547874140905,67.37325584318717,PA
VA-02,-4.3156625181780015,48.31822736280422,52.59711325914848,VA
NC-01,26.833159857484098,65.74563206435641,38.89997072419929,NC
FL-16,-20.42344225780976,42.310239895350136,62.71024616164766,FL
IA-04,-26.936681268946423,33.83526629898843,60.7940442019108,IA
WA-09,42.21175612936466,69.62521524318953,27.409336967382487,WA
IN-03,-35.28790030088847,30.5747092681601,65.87275471273396,IN
FL-01,-32.830424033308226,32.842867431055396,65.67767232959726,FL
NE-02,-0.7300000534432627,47.67917106198487,48.395873427967025,NE
OK-04,-39.36968457970424,29.4874653640218,68.83117875712806,OK
NY-22,-19.24352636524084,38.53242145890932,57.779719922498124,NY
PA-08,-9.234949276173941,43.46697434311023,52.7427637017936,PA
IL-08,20.21167529231534,59.80938316010376,39.58229090167824,IL
AR-01,-40.12878264845265,30.184594940477254,70.29641308337102,AR
CA-44,67.18825695930254,83.55678942845864,16.364441858725634,CA
MI-01,-27.22139293118739,34.51901767824671,61.742509514826565,MI
PA-01,0.01383672879859521,50.284729424028015,50.271887840670296,PA
CA-13,74.0300337918506,87.03384333662817,12.98799747782222,CA
MI-02,-16.24513591712656,39.10673480055375,55.36916672851104,MI
FL-06,-24.82096504653063,39.01398133483421,63.82232013132205,FL
PA-07,-5.764257220759214,47.68830466566869,53.44738212452487,PA
AL-04,-66.4971102722646,18.227279741752298,84.7184035639702,AL
CT-05,-3.5424136297612696,49.11371337107556,52.63989710070787,CT
OH-06,-51.68005306018126,24.33286182942968,76.01497544284281,OH
NM-01,9.240510306268717,52.548594895280736,43.232065520679065,NM
TX-21,-1.3181023519704675,47.758042652034725,49.090559534399624,TX
UT-03,-30.820029563606973,26.65066344830123,57.282194463746585,UT
AL-01,11.944722318515783,45.145986278605534,33.397037125727195,AL
MA-08,24.119286896742288,62.08890033690126,37.95826648410219,MA
UT-01,-38.24865427913144,24.69796082778974,62.7568247545791,UT
GA-12,-16.55966881047624,42.12054854572842,58.694871550863354,GA
PA-12,-32.452236058431794,31.107554176370243,63.600864545724214,PA
OK-01,-31.50677033449505,33.98690714789769,65.46300757766298,OK
KS-02,-17.600104445765588,38.54724729465567,56.14543286352285,KS
KY-04,-20.858509918550112,34.16047513822606,55.09072640586924,KY
VA-05,-11.085903511657358,43.00802710842628,54.11913478190669,VA
IN-02,-19.73272400789812,37.318201419498074,57.080898273835494,IN
MN-08,-17.04856653877846,37.75408938409481,54.819041888536084,MN
MA-09,0.561172370157923,50.62005511561223,50.033445069584864,MA
MO-08,-56.151216709099295,21.24156112261985,77.40761798655863,MO
PA-18,17.308404834175292,59.357824766801706,42.03686989519728,PA
TX-03,-4.925805289800316,47.0064039056921,51.932435722126606,TX
MS-03,-25.397558312167355,38.376795793730956,63.77383919471236,MS
GA-13,44.53515321362653,72.84376929441025,28.32037367525951,GA
CO-07,7.483635453298675,52.26308586940801,44.7450384917987,CO
VA-09,-41.57129106868469,27.885534093764235,69.48892388833548,VA
NY-02,-10.153664275490964,45.178645894596485,55.33828363047479,NY
MN-04,28.444648247843745,61.183438920592515,32.72876053813732,MN
LA-03,-38.74471170463007,31.5713851983268,70.30570705488157,LA
VA-04,14.43918684077473,58.57354334842952,44.11107692666154,VA
NC-06,-20.122835659545665,41.68230247625523,61.80067103496785,NC
IL-15,-46.51119274195276,24.91591545920395,71.44273476291204,IL
GA-08,-35.433734632139966,34.23220636399975,69.65079866062949,GA
WI-02,37.840690537976975,65.07770958451312,27.276441543820837,WI
CA-49,14.260942102002991,56.31273504183457,42.04040859051337,CA
AZ-06,3.287378328702159,48.85540195034611,45.6044209551194,AZ
WA-06,8.616906463619003,51.919837751050615,43.28289101623983,WA
PA-17,-4.7831350659749425,47.24495365362066,52.030107664794926,PA
FL-20,53.47175000282815,78.8226812047751,25.353842724081918,FL
NY-04,10.854670206437156,56.23635102210739,45.376227214640735,NY
MD-04,52.95522843040357,78.11315424779103,25.135510426486768,MD
NM-03,16.149203075405737,53.87368882499529,37.69513186642749,NM
MD-02,18.63347595968164,60.06022278113688,41.40819029555863,MD
CA-17,52.50184886242918,75.86174338938646,23.354559229953125,CA
PA-03,67.92266369348391,85.86635968836288,17.924023752993726,PA
OH-05,-28.3492067645591,34.11606255494676,62.47017849780204,OH
SC-03,-41.600894717493354,30.209623260072558,71.79552539827783,SC
GA-09,-54.47219990748232,22.9322258705472,77.42123932614899,GA
OK-02,-45.36353723798081,25.185181161318074,70.56141816311452,OK
CO-02,21.20321901622563,58.131326135174504,36.91082291293431,CO
IL-10,32.613061212893555,64.84280211204211,32.23331497433653,IL
OH-12,-9.526263756290986,43.99976265354588,53.52348263002832,OH
TX-27,-26.053788145352932,38.86609812641035,64.8983559418863,TX
VA-10,15.879986326587005,57.59321662496209,41.698135533747816,VA
PA-05,24.880964813855833,62.576036356371425,37.70308241682254,PA
WI-05,-24.593397879797664,37.467225423735684,62.04850944496799,WI
NY-07,66.11175454835765,83.7304262430047,17.608404121223405,NY
TN-01,-59.90974462939089,20.365157823523838,80.27603067931273,TN
NH-02,6.306412427785945,49.990478426195295,43.72387797155045,NH
AZ-01,-0.348167910982796,48.81538085728872,49.14933734687017,AZ
TX-23,3.5798034341105596,52.19570262021409,48.61512146404533,TX
FL-15,-12.38682852895782,44.69119291629654,57.070307489275926,FL
TX-10,-8.274273012237648,46.662820936361776,54.91166918343052,TX
CA-38,36.049754827378635,67.83885533642874,31.775678605210956,CA
IL-09,40.488802636169304,70.32084957029318,29.814578178036065,IL
MD-06,12.324682974011035,56.13979944453945,43.805459905444366,MD
MO-04,-35.19474151528166,30.598663684431823,65.79661335450695,MO
CA-03,8.868665577023515,54.36092446615243,45.46086514926825,CA
NY-05,64.51689792199534,84.93413411920048,20.412518119630725,NY
IL-18,-26.92042510602198,34.68630657936848,61.6015154836666,IL
MT-AL,-23.80248093380232,34.16800634957964,57.99260758683458,MT
MN-03,10.145467139871009,53.716638495727025,43.54604636188435,MN
CA-08,-16.463086155758788,41.94198834694226,58.38001034953236,CA
TN-04,-42.909648694336326,28.56267808387055,71.46906334502032,TN
WA-05,-14.046956462324557,40.11979900286947,54.15269634095455,WA
GA-04,47.54660470368139,75.88370528488957,28.327215621016595,GA
WV-03,-53.081945996600695,23.46598301842713,76.54422415121061,WV
TX-35,24.301265696770542,62.61939070826359,38.2835483664595,TX
NJ-03,-8.295783013300694,46.21827616398945,54.51223989637751,NJ
VA-11,40.30872480027002,70.52227209012221,30.18385812861504,VA
SC-07,-23.571080595154726,38.674226219309084,62.247428644083534,SC
NC-08,-14.890852390324339,43.204162760887215,58.093424964486644,NC
NC-04,41.17953014591636,70.66789277400909,29.490536506923686,NC
AL-02,-29.22529686175028,36.18909149776609,65.4207594567039,AL
TX-01,-46.9871778463837,27.798577992336508,74.77931724330482,TX
MN-01,-15.383903635249217,38.37998539645483,53.778058902663815,MN
AL-03,-33.51610930960989,34.04134738443604,67.56222943672691,AL
OH-14,-13.857940618691492,42.636130706620435,56.49547154677701,OH
MO-03,-40.48960968807814,29.38528523428816,69.86767673542776,MO
TX-19,-47.38920429313849,26.46645635226881,73.8442670835541,TX
TX-17,-10.956823467873845,42.68816161583083,53.65395167701206,TX
TX-31,-10.647335311389158,44.50370295938863,55.12647443990046,TX
AK-AL,-17.900655166773355,37.958801538796656,55.81975495141988,AK
OH-03,25.26933059429259,62.859965949517886,37.56217887134828,OH
WA-10,5.697782449409866,51.661576878605786,45.91478106194533,WA
WA-03,-13.223803646845143,42.25774775850008,55.45767402256286,WA
TX-09,49.93367995289365,77.18829232419895,27.23044564970841,TX
IN-05,-13.534849081331314,43.04792018489808,56.55833264412566,IN
KS-03,1.6128014995689175,49.467437411032,47.831502837608134,KS
NJ-10,57.883311139537305,81.56734292459225,23.665929634497928,NJ
CA-21,12.010961861199466,57.50122047759945,45.469343889549,CA
FL-09,15.88323362667822,56.69353104817831,40.847024409289446,FL
TX-13,-59.80326755498928,20.438910617883213,80.24194877773587,TX
WV-01,-43.351585230232835,27.057967493524597,70.40816738616681,WV
FL-14,14.207427727383541,58.639070707843786,44.4038685475393,FL
FL-21,15.708545137150335,58.93040477997304,43.22297757391274,FL
OH-08,-34.74563710127455,31.43421787372445,66.19295610293828,OH
NY-25,15.82846903664382,55.8020350629245,39.98470819625269,NY
FL-11,-43.011333286018385,30.508525881901647,73.50257459366503,FL
NV-03,-6.701821341509076,46.44720653298575,53.12776927054751,NV
CA-19,50.37065672897854,75.40394543553384,25.018412292774315,CA
NY-13,73.76871465548524,88.8900644995303,15.113578063190072,NY
KY-01,-53.684002040816694,22.915653527703526,76.6028334807045,KY
NV-02,-17.90611271972905,39.895437602608254,57.76568133057209,NV
MI-11,-9.173958581156441,46.05730133463872,55.21028273720658,MI
LA-02,40.22135415880802,72.09208682966477,31.84839832268994,LA
MA-02,14.884500299307598,56.246540031581375,41.35267809627869,MA
TX-28,17.175209940301155,60.368126268150945,43.17239919584175,TX
CA-09,17.451088906559157,57.94194597723408,40.486943320071866,CA
CA-33,40.07553474706687,69.97427294161479,29.874850528113793,CA
FL-03,-19.82727518929908,41.48088229678427,61.2920348378499,FL
IA-01,-2.9842469299571075,45.138660081059484,48.14985949037529,IA
DE-AL,-0.38793111413099,51.09425730111137,51.45715420002894,DE
NY-19,-10.45091728922332,42.703606052402385,53.173457783625054,NY
CA-51,46.01571702382261,74.20700433254177,28.166623825502853,CA
TN-08,-32.116599172768005,33.61794096983651,65.75345886846858,TN
AR-04,-38.351808148041435,31.286331326081612,69.62139052999277,AR
GA-03,-31.29900355931195,35.57058524897049,66.86314585135747,GA
PA-14,-33.70350032888246,32.83775471292053,66.55587145187825,PA
CA-45,9.620275925997033,55.06572044822622,45.426797787659986,CA
MI-07,-24.683933745404197,36.79246197770368,61.468913156321186,MI
IL-07,67.21660659100779,85.36811988962451,18.133864080976146,IL
CA-41,25.44071037848233,61.91932764229048,36.462960371000094,CA
IN-01,3.9346397262637294,52.06028928078544,48.11571764301486,IN
IN-06,-41.66964131080927,27.894791719633037,69.57294756395855,IN
CA-25,10.860959448623419,54.1307758807833,43.26830123660191,CA
GA-06,6.488933394609367,53.1962206770536,46.69313316963952,GA
CA-35,39.282039080319336,69.33494275014912,30.040389074056385,CA
CA-32,37.83574189170371,69.20970277680837,31.36429519613792,CA
NC-12,36.84498117364479,69.21663911205184,32.35841558979269,NC
FL-18,-13.40330845105141,44.89123089266086,58.29787244001779,FL
SC-02,-19.969218636447145,40.63228418626385,60.57231330748117,SC
FL-12,-23.2912770819713,39.69736788349427,62.978354766124596,FL
TN-09,50.78604071390343,76.34346393035764,25.55464768825675,TN
LA-06,-33.10427267742436,33.79896599932748,66.88815091845473,LA
PA-10,-5.992327654985726,45.05094944911056,51.070173283949565,PA
KY-03,9.271111075377624,54.13679200559663,44.854727929574835,KY
NJ-09,22.575577018608207,63.3522413920327,40.765031792358215,NJ
CA-27,36.47670718809648,68.29810853304589,31.80785486299397,CA
MA-06,13.701999011890662,57.09415613854912,43.37542726505968,MA
FL-27,19.680229208659636,61.67915527685701,41.98333159288571,FL
MI-08,-11.722750983191169,43.62524814364942,55.327428568905,MI
AZ-09,20.144046785249984,57.07376971017022,36.941959173279685,AZ
AL-06,-42.18206578288495,30.020098238785828,72.19281264828834,AL
NY-24,-5.231573717194522,47.28687347167243,52.496212722132405,NY
MO-02,-10.461873409269472,44.95053372767074,55.39329872621149,MO
AZ-05,-17.218283756324688,40.80088890812659,57.997354613117736,AZ
LA-05,-26.40378044211544,36.47671970961692,62.91230001939033,LA
CO-04,-22.727248913402946,37.32602182812697,60.02843452872095,CO
OH-07,-36.620263420602065,31.457129645865372,68.06967919181646,OH
TX-04,-54.298156748664226,24.07692604493002,78.36403725371525,TX
WV-02,-37.531315796189325,30.416647826001718,67.94819567477182,WV
NV-04,12.252401641139462,52.36111870427665,40.13971681554891,NV
PA-16,-17.059696281093146,38.91136743827572,56.00918370797089,PA
CA-16,13.662850997253255,57.80721496984643,44.10693638905396,CA
IL-01,42.210542854643165,72.85705612140272,30.626352014139446,IL
IL-03,11.460164425164322,55.93153698305465,44.457173842055944,IL
WI-01,-17.1233148890855,40.889662047401,58.01023664262379,WI
ID-01,-44.14833080593152,25.603266239362124,69.70625657102943,ID
NE-03,-45.40765299920346,23.587389450671438,69.03046053359546,NE
KS-01,-39.76331108053521,27.554560737427174,67.32279923096837,KS
CA-20,41.30850695162378,70.47857595470626,29.14144395457324,CA
TX-16,37.32322562672385,69.40238326290577,32.044900563835306,TX
AL-07,38.93637746262883,69.9533949021274,31.02698555472452,AL
NJ-12,28.75890908352298,65.90257407054017,37.1302797493684,NJ
PA-11,-27.306146172448997,35.480803746511235,62.789891493412284,PA
ME-02,-11.162258487641845,40.80606902416424,51.98993367023788,ME
NY-20,5.247115585354318,51.86230271592971,46.59321982425962,NY
MA-03,13.438163181341109,56.66040147453877,43.196746503133646,MA
TN-07,-34.94637550514397,31.90510563050119,66.85352293253072,TN
CA-40,66.51842588260668,83.91664445232578,17.38916912882444,CA
ND-AL,-43.722817705443624,26.489258375200052,70.17972334497043,ND
CA-14,58.7038434524726,79.23296857337874,20.524765402416,CA
NJ-05,0.6320094204397977,51.09135011497663,50.45362831805926,NJ
IL-11,19.515964263850158,60.05959101574011,40.516611576456995,IL
UT-02,-23.47461119159106,32.415364454867884,55.76072403384848,UT
CA-15,45.741736878752654,72.92331514108025,27.162524719263086,CA
AL-05,-33.50007175195613,34.34027284671511,67.8221887707868,AL
VA-08,56.0671737997304,76.75547336515007,20.685578581006496,VA
PA-13,-38.0242029341026,27.260401359399093,65.35667163724754,PA
TX-11,-60.50086581508328,21.197301859816932,81.68465032064174,TX
FL-25,-0.8773400154844886,52.00360818375217,52.87063824880478,FL
IN-08,-34.94653795678513,30.75138656481435,65.7177132221308,IN
CA-29,57.35489621951686,78.79618284177629,21.429761274617466,CA
OR-01,19.10697678142763,57.67344410257622,38.55087862500923,OR
NY-08,62.67047926434398,83.33260086956724,20.657347796016793,NY
CA-18,51.6034536022934,75.48054552101323,23.85419089343726,CA
OH-04,-38.56091464098519,29.514054674346507,68.08403666277968,OH
TX-07,6.445956667677931,53.79405845224414,47.32410521832393,TX
MI-14,46.9044141698294,75.50156876164823,28.57895300554102,MI
CA-52,26.743825043249807,62.40638842532601,35.654503082327,CA
MA-05,43.593551109928086,71.23654701563379,27.646220033522724,MA
CA-07,8.296977899116161,53.59615188873433,45.26781484766817,CA
WA-02,15.802760593276721,56.359850338365405,40.529119414958316,WA
OR-03,41.48629365849336,69.20907380630125,27.723279906696803,OR
TN-05,12.411399711252908,56.080852271529345,43.64388771373808,TN
FL-23,26.916749517636482,64.42703115230316,37.51714457442641,FL
FL-24,60.761175816549965,82.20914769612489,21.44852139373135,FL
CA-53,31.056436184016206,65.93467760635956,34.85341403782749,CA
NE-01,-11.600969071942579,39.8313794836803,51.456607926272575,NE
TX-25,-14.64487308583531,42.97101909176228,57.59845075647935,TX
FL-08,-20.65799333514053,39.61871468108333,60.28402536234485,FL
MN-02,-3.234456290299682,46.87280676390448,50.07775290587723,MN
IL-13,-9.1851546757098,43.737308821644916,52.91915547511674,IL
FL-26,14.778837489648375,59.32900742203385,44.53018448788964,FL
CA-06,38.12571088104752,68.43729043857324,30.278308360803237,CA
MI-13,43.85045626032772,73.90183594930605,30.025705780386726,MI
CO-03,-18.478473876031586,39.656307770058696,58.10105337165717,CO
CO-06,5.608466914546325,52.17950686461835,46.530668721426316,CO
FL-05,18.692979096069333,61.06899358038848,42.35924015907038,FL
SC-05,-20.388357192388007,40.73338866582159,61.11039043739771,SC
TX-36,-42.15847733980408,29.113059889442802,71.28434794795751,TX
CA-10,2.795267217374949,50.91635724468106,48.109239317993634,CA
NY-15,73.87601939285895,89.41363731023003,15.524301115125546,NY
NY-11,-9.633870855111562,46.302905753235514,55.9329658527255,NY
MD-05,32.382895618913736,66.67213411667638,34.28009561354699,MD
GA-05,65.43384470645388,82.74896412361937,17.321553726481568,GA
UT-04,-19.215906586784186,32.87372594173335,51.90891263202314,UT
OR-05,1.1911887683886433,48.41929477748107,47.22111608378782,OR
CA-36,-0.5023440842184597,50.75288487248539,51.24376706679008,CA
TX-14,-24.651841730302472,39.63201295590811,64.2552899723611,TX
TX-33,45.67658314921391,73.77634274028034,28.08069671017374,TX
FL-22,12.887727699541312,57.977194444554414,45.096159120259934,FL
NY-16,45.590295570763125,74.87709800561366,29.27555279336083,NY
AR-03,-34.14156428429351,31.477187772995137,65.59374753285238,AR
VA-01,-7.14568356418488,46.21941686563507,53.35107731557018,VA
MS-04,-46.142054455305164,28.428407060551393,74.5557402694661,MS
WA-07,67.37053857164277,82.55290120421401,15.183311620352427,WA
NJ-02,-10.181181407023464,45.57516061246343,55.74940747527968,NJ
PA-04,16.807698716856386,58.83806219028078,42.02124082113892,PA
TN-02,-38.068063216140004,31.206322008283536,69.25634761772315,TN
TX-15,14.955025216642657,58.96271695834733,43.988520980207994,TX
AZ-07,41.042157731928164,70.20179525341813,29.13571047431365,AZ
KY-02,-42.48667854214242,27.557924055921248,70.04961068551228,KY
CA-34,61.12703884393715,81.51875238149184,20.362084245829614,CA
CT-02,-4.269419705709819,48.192314168323136,52.44339723474096,CT
NY-23,-16.108477801333706,39.107113220207054,55.23646523937123,NY
CA-47,28.24753252133676,64.56046980511894,36.29402366907536,CA
IL-06,5.745090926879696,52.828913227383694,47.04946872213583,IL
TX-18,46.40848476464933,74.30882796289643,27.882793884230953,TX
FL-17,-37.55681022302953,32.99261364672848,70.53320415294442,FL
SC-06,34.43242794767155,66.93590163574567,32.50942936545714,SC
FL-13,-5.546477439896297,48.485833641477626,54.02239146615399,FL
IA-03,-8.620056379248735,44.69695444997401,53.293477448799884,IA
NJ-08,55.05774388324204,76.08304638862126,21.0556638843579,NJ
CO-01,39.88269589178277,68.94975887433823,29.04020178666815,CO
WA-04,-27.552150322353512,35.765065051212005,63.28344781788762,WA
OH-01,-12.598161151819282,44.117920375034714,56.70336952798309,OH
IL-16,-22.5988656995626,37.94183993725576,60.52960150669563,IL
WI-03,-9.364830450342337,42.570645431522905,51.950465605766226,WI
IL-12,-12.796479480190742,41.41693610778199,54.23948894277386,IL
CO-05,-24.159627528813168,36.38555904506954,60.504781463285084,CO
WI-06,-23.5020893222907,36.780271339454316,60.29073967309224,WI
IL-05,45.66812065650964,71.74189961108303,26.06895164727605,IL
MA-07,62.94377309732447,82.2014460454947,19.248300755154883,MA
TN-03,-39.558954472995566,31.01506383952526,70.56199670990155,TN
CA-46,40.00823699454058,69.31183091911285,29.299239296374864,CA
OK-03,-56.33770914094981,21.305004488687864,77.61889556785002,OK
NY-06,27.478959290962273,65.52787609970352,38.04271846854321,NY
MI-05,-9.241921188648616,45.89842950044686,55.119195427965415,MI
HI-01,30.66243042092723,63.53082023094833,32.84693251812728,HI
TX-34,18.783550580792614,60.77726964778353,41.98545785150198,TX
CT-04,21.525585561993054,61.68367485096755,40.1420774087181,CT
VA-03,27.378343415176424,64.03481451689848,36.639615033557455,VA
PA-02,35.49183783202689,68.45993563955639,32.96182625313256,PA
TX-06,-11.539050135422263,44.50085499196308,56.0295693039229,TX
NY-01,-14.511588042232136,43.233970684393775,57.74716804202332,NY
CA-43,58.013330932756475,79.1024317986083,21.085426069074504,CA
NY-12,67.81661061410335,84.96870362187309,17.14647937178432,NY
NM-02,-3.2028032770815527,44.93131997820437,48.12534477504939,NM
NY-21,-16.113346071098725,39.16408305674644,55.294717725336994,NY
NV-01,23.02979308773046,60.7797560718961,37.73647689249793,NV
GA-07,-3.4080329148411916,48.87922483084059,52.2725350102499,GA
WI-08,-22.19530346799033,37.67995168341727,59.880901188827956,WI
CA-22,-10.81173188970278,44.42747459794037,55.213332098422455,CA
WA-01,12.700243273153205,55.19245889546399,42.456414170917036,WA
NC-05,-22.300519997397522,39.73468381772264,62.04394889511853,NC
CA-37,75.31888161243424,86.61699410664329,11.315744874305516,CA
AZ-08,-14.62361546855245,41.65287512235291,56.28494830067129,AZ
VA-07,-7.023660602576518,46.44109442947688,53.44386530470388,VA
PA-06,8.662768565426113,54.43438181776051,45.76025865698638,PA
NC-09,-7.034986721705014,46.52357366781107,53.56382236637956,NC
OR-02,-25.5852019222335,35.86216153023463,61.43743827000327,OR
NC-13,-13.261456860623221,44.642358664094985,57.904360286264705,NC
WI-04,40.99636759783801,69.47632177548124,28.477221007105435,WI
GA-01,-21.439977370217534,41.199396710019414,62.61573185334926,GA
